{
    "0": [
      4.666666666666667,
      3.5,
      4.090909090909091,
      4.5,
      4.4,
      3.6666666666666665,
      4.25,
      4.166666666666667,
      4.666666666666667
    ],
    "1": [
      4.666666666666667,
      3.625,
      4.181818181818182,
      4.333333333333333,
      4.1,
      3.7777777777777777,
      4.125,
      4.166666666666667,
      4.555555555555555
    ],
    "2": [
      3.3333333333333335,
      3.375,
      3.4545454545454546,
      4.166666666666667,
      3.6,
      3.3333333333333335,
      3.625,
      3.6666666666666665,
      3.4444444444444446
    ],
    "3": [
      3.7777777777777777,
      3.25,
      3,
      4.083333333333333,
      4.4,
      3.111111111111111,
      3.875,
      3.8333333333333335,
      4.222222222222222
    ],
    "4": [
      4.555555555555555,
      4.5,
      4.454545454545454,
      4.75,
      4.5,
      4.333333333333333,
      4.375,
      4.666666666666667,
      4.444444444444445
    ],
    "5": [
      [
        "Add more stories or anecdotes",
        "Incorporate more vocal variety, maybe an anecdote from your own life to tie things together at the end",       
        "I would have liked you to be visible during your speech, and have your hands be visible. ",
        "Talk about your personal experience and how it apply to the 3 options.",
        "Perhaps more vocal variety.  Perhaps a specific example from your life that illustrates your leadership style: the pros and cons it had on the outcome.",
        "I would have liked you to be visible during your speech, and have your hands be visible. "
      ],
      [
        "topic was unclear",
        "Could slow down a bit. ",
        "Try to avoid political topics - they tend to be more criticized and are difficult to do successfully.",        
        "Add points to your speech to help the audience follow along. ",
        "The topic is a bit sensitive. Just trying to be mindful about topics like this.",
        "Keep doing great & getting better!",
        "Add points to your speech to help the audience follow along. "
      ],
      [
        "Maybe more gesture could help.",
        "Use more vocal variety and hand gestures.",
        "Can show some excitement for each of the mentors",
        "video is a bit dark",
        "Incorporate more vocal variety, and perhaps a bit more emphasis on certain parts",
        "Try using bullets or points in your speech. ",
        "I don't know if you have done a speech standing up. Maybe try that?",
        "What about mixing up your tones a lil bit? Low, medium, & high tones.",
        "Try using bullets or points in your speech. "
      ],
      [
        "Can act out your favourite part of game of thrones, good way to add in vocal variety",
        "Vocal variation",
        "Video stopped occasionally (thought not ciriticaly) . I wonder if anything could be done.",
        "pictures would be helpful to audiences who don't watch the show",
        "loved background but more graphics througout would keep the audiences attention better",
        "Hard to think of anything. It was really good. Maybe a little more expression. I could see some, but there's still room for improvement",
        "i see lot of improvement of your"
      ],
      [
        "none",
        "Could add summary at the beginning.",
        "Increase vocal variety.",
        "I feel the main purpose of the speech could be emphasized, and it's related to the structure that's why they're both a 4.",
        "Couldn't see your hands as much since you were closer to the screen. Conclusion felt a bit short.",
        "Your have a good frame work for a speech on the importance of feedback. Try to add more and practice.",        
        "As best you can, practice pausing instead of saying um or ah...",
        "Slides or visual aids could enhance the presentation or emphasize certain points",
        "Perhaps include the differences between positive and negative feedback (it is estimated positive feedback is 4X more effective in dog training)"
      ],
      [
        "Add more vocal variety and a bit of drama",
        "Delivering positivity with more personal insights ",
        "Use your hands and voice with more variety",
        "I understand that this speech was last minute, but it was a little less interesting than your usual speeches :)",
        "I would recommend work on the structure of your speech, it meandered a bit and made discerning the call to action difficult.",
        "What about mixing up your tones a lil bit?  Low, medium, & high tones throughout your speech.",
        "Perhaps speak to a personal benefit you've received by being mindful and centered: did it make you more productive? Content even in the hardest times? "
      ],
      [
        "Hand gestures can be more frequent.",
        "Use more vocal variety and hand gestures.",
        "Vocal variety ",
        "Vocal variety "
      ],
      [
        "Personally, I was not a fan of the topic.",
        "Would be nice to go back to initial question of if bitcoin will make you rich",
        "Visual aids / slides could have illustrated some points more.",
        "Since there was a technical aspect to your presentation, perhaps use a slide show."
      ],
      [
        "Vocal variety",
        "examples can be a bit longer and more detail",
        "Excitement in the stories you share. Conclusion felt a little short.",
        "Your speech usually has some humor or punchlines, I felt I missed that this time",
        "More Vocal Variety and movement towards the camera, especially when you're making your points as well as during your conclusion.",
        "Maybe see how you can mix in different tones with your story telling...",
        "Perhaps include something that makes leadership important to you; do you aspire to make a bigger impact?"      
      ]
    ],